<?xml version="1.0" encoding="utf-8"?>
<odoo>
    <data noupdate="1">

        <record id="sequence_mrp_route" model="ir.sequence">
            <field name="name">Routing</field>
            <field name="code">mrp.routing</field>
            <field name="prefix">RO/</field>
            <field name="padding">5</field>
            <field name="number_next">1</field>
            <field name="number_increment">1</field>
            <field name="company_id" eval="False"/>
        </record>

    </data>

</odoo>