<?xml version="1.0" encoding="utf-8"?>
<odoo>
<data noupdate="1">
<!-- Multi -->
    <record model="ir.rule" id="mrp_production_batch_rule">
        <field name="name">mrp_production_batch multi-company</field>
        <field name="model_id" search="[('model','=','mrp.production.batch')]" model="ir.model"/>
        <field name="global" eval="True"/>
        <field name="domain_force">['|',('company_id','child_of',[user.company_id.id]),('company_id','=',False)]</field>
    </record>

</data>
</odoo>
