<odoo>
    <data>
        <record id="check_upgrade_available" model="ir.cron">
            <field name="name">Check Version Upgrades</field>
            <field name="active" eval="True"/>
            <field name="state" eval="'code'"/>
            <field name="priority" eval="5"/>
            <field name="interval_number">1</field>
            <field name="interval_type">days</field>
            <field name="numbercall">-1</field>
            <field name="doall" eval="False"/>
            <field name="model_id" ref="base.model_ir_module_module"/>
            <field name="code" eval="'model._upgrade_available()'"/>
        </record>
    </data>
</odoo>
