<odoo>
    <record id="ir_rule_stock_picking_type_allowed_direct_operating_units" model="ir.rule">
        <field name="model_id" ref="stock.model_stock_picking_type" />
        <field name="domain_force">['|',
            ('operating_unit_id','=', False),
            ('operating_unit_id','in',user.operating_unit_ids.ids)]
        </field>
        <field name="name">Stock Picking Type from allowed operating units</field>
        <field name="global" eval="True" />
        <field eval="0" name="perm_unlink" />
        <field eval="0" name="perm_write" />
        <field eval="1" name="perm_read" />
        <field eval="0" name="perm_create" />
    </record>
    <record id="ir_rule_stock_picking_allowed_direct_operating_units" model="ir.rule">
        <field name="model_id" ref="stock.model_stock_picking" />
        <field name="domain_force">['|',
            ('picking_type_id.operating_unit_id','=', False),
            ('picking_type_id.operating_unit_id','in',user.operating_unit_ids.ids)]
        </field>
        <field name="name">Stock Picking Type from allowed operating units</field>
        <field name="global" eval="True" />
        <field eval="0" name="perm_unlink" />
        <field eval="0" name="perm_write" />
        <field eval="1" name="perm_read" />
        <field eval="0" name="perm_create" />
    </record>
</odoo>